"especie","fonte","url","tipo_fonte","informacao_utilizada","data_acesso","observacoes"
"Handroanthus serratifolius (Vahl) S.Grose","Flora e Funga do Brasil — lista oficial (JBRJ / GBIF)","https://www.gbif.org/dataset/aacd816d-662c-49d2-ad1a-97e66e2a2908","Lista taxonômica oficial","Nomes aceitos e família; registros individuais no inventário.","2026-09-27","Paráfrase educativa; não determina indivíduos. Campos sem fonte sinalizados como pendentes."
"Handroanthus serratifolius (Vahl) S.Grose","Fernandez & Rosa (2019) — H. serratifolius, CNCFlora / JBRJ","https://proflora.jbrj.gov.br/html/Handroanthus%20serratifolius_2019.html","Documento técnico / JBRJ","Nome, hábito decíduo, porte natural e uso ornamental.","2026-09-27","Paráfrase educativa; não determina indivíduos. Campos sem fonte sinalizados como pendentes."
"Handroanthus serratifolius (Vahl) S.Grose","Prefeitura de Goiânia — dicionário histórico de espécies","https://portalmapa.goiania.go.gov.br/helpsiggo/HelpSIGGO/ARV%20CDESPECIE.htm","Dicionário cadastral oficial","Nomes históricos e códigos; não é uma determinação botânica atual.","2026-09-27","Paráfrase educativa; não determina indivíduos. Campos sem fonte sinalizados como pendentes."
"Handroanthus serratifolius (Vahl) S.Grose","Flora de Pernambuco — aliança Tabebuia (Biota Neotropica)","https://www.scielo.br/j/bn/a/s97KmZMzn3tybqrjc78mX6v/","Artigo científico / tratamento florístico","H. serratifolius, T. roseoalba e T. elliptica; seções 8, 20 e 21. Fenologia de Pernambuco, não de Goiânia.","2026-09-27","Paráfrase educativa; não determina indivíduos. Campos sem fonte sinalizados como pendentes."
"Handroanthus impetiginosus (Mart. ex DC.) Mattos","Flora e Funga do Brasil — lista oficial (JBRJ / GBIF)","https://www.gbif.org/dataset/aacd816d-662c-49d2-ad1a-97e66e2a2908","Lista taxonômica oficial","Nomes aceitos e família; registros individuais no inventário.","2026-09-27","Paráfrase educativa; não determina indivíduos. Campos sem fonte sinalizados como pendentes."
"Handroanthus impetiginosus (Mart. ex DC.) Mattos","Carvalho (2003) — Ipê-rosa, Embrapa","https://www.alice.cnptia.embrapa.br/alice/bitstream/doc/1140085/1/Especies-Arboreas-Brasileiras-vol-1-Ipe-Rosa.pdf","Publicação técnica / Embrapa","Tabebuia impetiginosa: descrição, nomes e fenologia, pp. 559–561.","2026-09-27","Paráfrase educativa; não determina indivíduos. Campos sem fonte sinalizados como pendentes."
"Handroanthus impetiginosus (Mart. ex DC.) Mattos","Prefeitura de Goiânia — dicionário histórico de espécies","https://portalmapa.goiania.go.gov.br/helpsiggo/HelpSIGGO/ARV%20CDESPECIE.htm","Dicionário cadastral oficial","Nomes históricos e códigos; não é uma determinação botânica atual.","2026-09-27","Paráfrase educativa; não determina indivíduos. Campos sem fonte sinalizados como pendentes."
"Handroanthus heptaphyllus (Vell.) Mattos","Flora e Funga do Brasil — lista oficial (JBRJ / GBIF)","https://www.gbif.org/dataset/aacd816d-662c-49d2-ad1a-97e66e2a2908","Lista taxonômica oficial","Nomes aceitos e família; registros individuais no inventário.","2026-09-27","Paráfrase educativa; não determina indivíduos. Campos sem fonte sinalizados como pendentes."
"Handroanthus heptaphyllus (Vell.) Mattos","Carvalho (2003) — Ipê-roxo, Embrapa","https://www.alice.cnptia.embrapa.br/alice/bitstream/doc/1140086/1/Especies-Arboreas-Brasileiras-vol-1-Ipe-Roxo.pdf","Publicação técnica / Embrapa","Tabebuia heptaphylla: descrição e fenologia, pp. 567–569.","2026-09-27","Paráfrase educativa; não determina indivíduos. Campos sem fonte sinalizados como pendentes."
"Handroanthus heptaphyllus (Vell.) Mattos","Carvalho (2003) — Ipê-rosa, Embrapa","https://www.alice.cnptia.embrapa.br/alice/bitstream/doc/1140085/1/Especies-Arboreas-Brasileiras-vol-1-Ipe-Rosa.pdf","Publicação técnica / Embrapa","Tabebuia impetiginosa: descrição, nomes e fenologia, pp. 559–561.","2026-09-27","Paráfrase educativa; não determina indivíduos. Campos sem fonte sinalizados como pendentes."
"Tabebuia roseoalba (Ridl.) Sandwith","Flora e Funga do Brasil — lista oficial (JBRJ / GBIF)","https://www.gbif.org/dataset/aacd816d-662c-49d2-ad1a-97e66e2a2908","Lista taxonômica oficial","Nomes aceitos e família; registros individuais no inventário.","2026-09-27","Paráfrase educativa; não determina indivíduos. Campos sem fonte sinalizados como pendentes."
"Tabebuia roseoalba (Ridl.) Sandwith","Prefeitura de Goiânia — dicionário histórico de espécies","https://portalmapa.goiania.go.gov.br/helpsiggo/HelpSIGGO/ARV%20CDESPECIE.htm","Dicionário cadastral oficial","Nomes históricos e códigos; não é uma determinação botânica atual.","2026-09-27","Paráfrase educativa; não determina indivíduos. Campos sem fonte sinalizados como pendentes."
"Tabebuia roseoalba (Ridl.) Sandwith","Flora de Pernambuco — aliança Tabebuia (Biota Neotropica)","https://www.scielo.br/j/bn/a/s97KmZMzn3tybqrjc78mX6v/","Artigo científico / tratamento florístico","H. serratifolius, T. roseoalba e T. elliptica; seções 8, 20 e 21. Fenologia de Pernambuco, não de Goiânia.","2026-09-27","Paráfrase educativa; não determina indivíduos. Campos sem fonte sinalizados como pendentes."
"Cenostigma pluviosum var. peltophoroides (Benth.) Gagnon & G.P.Lewis","Gaem (2020) — Cenostigma, Flora do Brasil","https://monografiasfloradobrasil.jbrj.gov.br/cenostigma.pdf","Flora / JBRJ","Gênero e variedade peltophoroides, pp. 1 e 16.","2026-09-27","Paráfrase educativa; não determina indivíduos. Campos sem fonte sinalizados como pendentes."
"Cenostigma pluviosum var. peltophoroides (Benth.) Gagnon & G.P.Lewis","Flora e Funga do Brasil — lista oficial (JBRJ / GBIF)","https://www.gbif.org/dataset/aacd816d-662c-49d2-ad1a-97e66e2a2908","Lista taxonômica oficial","Nomes aceitos e família; registros individuais no inventário.","2026-09-27","Paráfrase educativa; não determina indivíduos. Campos sem fonte sinalizados como pendentes."
"Cenostigma pluviosum var. peltophoroides (Benth.) Gagnon & G.P.Lewis","Árvores da UENF — Sibipiruna","https://uenf.br/projetos/arvoresdauenf/especie-2/sibipiruna/","Guia institucional","Nome popular e porte, em nível de espécie.","2026-09-27","Paráfrase educativa; não determina indivíduos. Campos sem fonte sinalizados como pendentes."
"Cassia fistula L.","Flora e Funga do Brasil — lista oficial (JBRJ / GBIF)","https://www.gbif.org/dataset/aacd816d-662c-49d2-ad1a-97e66e2a2908","Lista taxonômica oficial","Nomes aceitos e família; registros individuais no inventário.","2026-09-27","Paráfrase educativa; não determina indivíduos. Campos sem fonte sinalizados como pendentes."
"Cassia fistula L.","Scheidegger & Rando (2020) — Cassia, Flora do Brasil","https://monografiasfloradobrasil.jbrj.gov.br/cassia.pdf","Flora / JBRJ","Cassia fistula: folhas, racemos e ocorrência cultivada, p. 16.","2026-09-27","Paráfrase educativa; não determina indivíduos. Campos sem fonte sinalizados como pendentes."
"Cassia fistula L.","Árvores da UENF — Chuva-de-ouro","https://uenf.br/projetos/arvoresdauenf/especie-2/chuva-de-ouro/","Guia institucional","Nome popular associado a Cassia fistula.","2026-09-27","Paráfrase educativa; não determina indivíduos. Campos sem fonte sinalizados como pendentes."
"Cassia fistula L.","Embrapa — Plantas tropicais: nomenclatura","https://www.infoteca.cnptia.embrapa.br/infoteca/bitstream/doc/884520/1/livro-plantastropicais-2.pdf","Publicação técnica / Embrapa","O nome cássia-chuva-de-ouro é associado a Cassia ferruginea e C. fistula; seção de nomes de plantas.","2026-09-27","Paráfrase educativa; não determina indivíduos. Campos sem fonte sinalizados como pendentes."
"Cassia fistula L.","Orwa et al. (2009) — Cassia fistula, World Agroforestry","https://apps.worldagroforestry.org/treedb/AFTPDFS/Cassia_fistula.PDF","Base técnica institucional","Morfologia e fenologia na Índia, pp. 1–3.","2026-09-27","Paráfrase educativa; não determina indivíduos. Campos sem fonte sinalizados como pendentes."
"Tecoma stans (L.) Juss. ex Kunth","Flora e Funga do Brasil — lista oficial (JBRJ / GBIF)","https://www.gbif.org/dataset/aacd816d-662c-49d2-ad1a-97e66e2a2908","Lista taxonômica oficial","Nomes aceitos e família; registros individuais no inventário.","2026-09-27","Paráfrase educativa; não determina indivíduos. Campos sem fonte sinalizados como pendentes."
"Tecoma stans (L.) Juss. ex Kunth","Orwa et al. (2009) — Tecoma stans, World Agroforestry","https://apps.worldagroforestry.org/treedb/AFTPDFS/Tecoma_stans.PDF","Base técnica institucional","Morfologia, ecologia e uso ornamental, pp. 1–3. Origem regional não adotada por divergência entre fontes.","2026-09-27","Paráfrase educativa; não determina indivíduos. Campos sem fonte sinalizados como pendentes."
"Handroanthus serratifolius","Flora e Funga do Brasil — lista oficial / JBRJ, distribuída no GBIF","https://www.gbif.org/species/114652965","Lista oficial / táxon individual","ACCEPTED: Handroanthus serratifolius (Vahl) S.Grose","2026-09-27","Consulta reproduzível: https://api.gbif.org/v1/species/search?q=Handroanthus+serratifolius&datasetKey=aacd816d-662c-49d2-ad1a-97e66e2a2908&limit=20; identificação nominal, não de árvore em campo."
"Handroanthus serratifolius","Flora e Funga do Brasil — sinônimo na lista oficial / JBRJ","https://www.gbif.org/species/114652973","Lista oficial / sinônimo","Tabebuia serratifolia (Vahl) G.Nichols. → Handroanthus serratifolius","2026-09-27","Consulta reproduzível: https://api.gbif.org/v1/species/114652965/synonyms?limit=100; nome histórico preservado separadamente."
"Handroanthus impetiginosus","Flora e Funga do Brasil — lista oficial / JBRJ, distribuída no GBIF","https://www.gbif.org/species/114636892","Lista oficial / táxon individual","ACCEPTED: Handroanthus impetiginosus (Mart. ex DC.) Mattos","2026-09-27","Consulta reproduzível: https://api.gbif.org/v1/species/search?q=Handroanthus+impetiginosus&datasetKey=aacd816d-662c-49d2-ad1a-97e66e2a2908&limit=20; identificação nominal, não de árvore em campo."
"Handroanthus impetiginosus","Flora e Funga do Brasil — sinônimo na lista oficial / JBRJ","https://www.gbif.org/species/114636906","Lista oficial / sinônimo","Tabebuia avellanedae Lorentz ex Griseb. → Handroanthus impetiginosus","2026-09-27","Consulta reproduzível: https://api.gbif.org/v1/species/114636892/synonyms?limit=100; nome histórico preservado separadamente."
"Handroanthus impetiginosus","Flora e Funga do Brasil — sinônimo na lista oficial / JBRJ","https://www.gbif.org/species/114636904","Lista oficial / sinônimo","Tabebuia impetiginosa (Mart. ex DC.) Standl. → Handroanthus impetiginosus","2026-09-27","Consulta reproduzível: https://api.gbif.org/v1/species/114636892/synonyms?limit=100; nome histórico preservado separadamente."
"Handroanthus heptaphyllus","Flora e Funga do Brasil — lista oficial / JBRJ, distribuída no GBIF","https://www.gbif.org/species/114636876","Lista oficial / táxon individual","ACCEPTED: Handroanthus heptaphyllus (Vell.) Mattos","2026-09-27","Consulta reproduzível: https://api.gbif.org/v1/species/search?q=Handroanthus+heptaphyllus&datasetKey=aacd816d-662c-49d2-ad1a-97e66e2a2908&limit=20; identificação nominal, não de árvore em campo."
"Handroanthus heptaphyllus","Flora e Funga do Brasil — sinônimo na lista oficial / JBRJ","https://www.gbif.org/species/114636884","Lista oficial / sinônimo","Tabebuia heptaphylla (Vell.) Toledo → Handroanthus heptaphyllus","2026-09-27","Consulta reproduzível: https://api.gbif.org/v1/species/114636876/synonyms?limit=100; nome histórico preservado separadamente."
"Tabebuia roseoalba","Flora e Funga do Brasil — lista oficial / JBRJ, distribuída no GBIF","https://www.gbif.org/species/114634565","Lista oficial / táxon individual","ACCEPTED: Tabebuia roseoalba (Ridl.) Sandwith","2026-09-27","Consulta reproduzível: https://api.gbif.org/v1/species/search?q=Tabebuia+roseoalba&datasetKey=aacd816d-662c-49d2-ad1a-97e66e2a2908&limit=20; identificação nominal, não de árvore em campo."
"Tabebuia roseoalba","Flora e Funga do Brasil — sinônimo na lista oficial / JBRJ","https://www.gbif.org/species/114634581","Lista oficial / sinônimo","Bignonia roseo-alba Ridl. → Tabebuia roseoalba","2026-09-27","Consulta reproduzível: https://api.gbif.org/v1/species/114634565/synonyms?limit=100; nome histórico preservado separadamente."
"Tabebuia roseoalba","Flora e Funga do Brasil — sinônimo na lista oficial / JBRJ","https://www.gbif.org/species/114634577","Lista oficial / sinônimo","Handroanthus roseo-albus (Ridl.) Mattos → Tabebuia roseoalba","2026-09-27","Consulta reproduzível: https://api.gbif.org/v1/species/114634565/synonyms?limit=100; nome histórico preservado separadamente."
"Tabebuia rosea","Flora e Funga do Brasil — lista oficial / JBRJ, distribuída no GBIF","https://www.gbif.org/species/114647264","Lista oficial / táxon individual","ACCEPTED: Tabebuia rosea (Bertol.) Bertero ex A.DC.","2026-09-27","Consulta reproduzível: https://api.gbif.org/v1/species/search?q=Tabebuia+rosea&datasetKey=aacd816d-662c-49d2-ad1a-97e66e2a2908&limit=20; identificação nominal, não de árvore em campo."
"Cenostigma pluviosum","Flora e Funga do Brasil — lista oficial / JBRJ, distribuída no GBIF","https://www.gbif.org/species/157153351","Lista oficial / táxon individual","ACCEPTED: Cenostigma pluviosum (DC.) Gagnon & G.P.Lewis","2026-09-27","Consulta reproduzível: https://api.gbif.org/v1/species/search?q=Cenostigma+pluviosum&datasetKey=aacd816d-662c-49d2-ad1a-97e66e2a2908&limit=20; identificação nominal, não de árvore em campo."
"Cassia fistula","Flora e Funga do Brasil — lista oficial / JBRJ, distribuída no GBIF","https://www.gbif.org/species/127846290","Lista oficial / táxon individual","ACCEPTED: Cassia fistula L.","2026-09-27","Consulta reproduzível: https://api.gbif.org/v1/species/search?q=Cassia+fistula&datasetKey=aacd816d-662c-49d2-ad1a-97e66e2a2908&limit=20; identificação nominal, não de árvore em campo."
"Tecoma stans","Flora e Funga do Brasil — lista oficial / JBRJ, distribuída no GBIF","https://www.gbif.org/species/114641100","Lista oficial / táxon individual","ACCEPTED: Tecoma stans (L.) Juss. ex Kunth","2026-09-27","Consulta reproduzível: https://api.gbif.org/v1/species/search?q=Tecoma+stans&datasetKey=aacd816d-662c-49d2-ad1a-97e66e2a2908&limit=20; identificação nominal, não de árvore em campo."
"Tecoma stans","Flora e Funga do Brasil — sinônimo na lista oficial / JBRJ","https://www.gbif.org/species/114641103","Lista oficial / sinônimo","Bignonia stans L. → Tecoma stans","2026-09-27","Consulta reproduzível: https://api.gbif.org/v1/species/114641100/synonyms?limit=100; nome histórico preservado separadamente."
"Tabebuia vellosoi","Flora e Funga do Brasil — lista oficial / JBRJ, distribuída no GBIF","https://www.gbif.org/species/114636946","Lista oficial / táxon individual","SYNONYM: Handroanthus vellosoi (Toledo) Mattos","2026-09-27","Consulta reproduzível: https://api.gbif.org/v1/species/search?q=Tabebuia+vellosoi&datasetKey=aacd816d-662c-49d2-ad1a-97e66e2a2908&limit=20; identificação nominal, não de árvore em campo."
"Tabebuia chrysotricha","Flora e Funga do Brasil — lista oficial / JBRJ, distribuída no GBIF","https://www.gbif.org/species/114636974","Lista oficial / táxon individual","SYNONYM: Handroanthus chrysotrichus (Mart. ex DC.) Mattos","2026-09-27","Consulta reproduzível: https://api.gbif.org/v1/species/search?q=Tabebuia+chrysotricha&datasetKey=aacd816d-662c-49d2-ad1a-97e66e2a2908&limit=20; identificação nominal, não de árvore em campo."
"Tabebuia aurea","Flora e Funga do Brasil — lista oficial / JBRJ, distribuída no GBIF","https://www.gbif.org/species/114654589","Lista oficial / táxon individual","ACCEPTED: Tabebuia aurea (Silva Manso) Benth. & Hook.f. ex S.Moore","2026-09-27","Consulta reproduzível: https://api.gbif.org/v1/species/search?q=Tabebuia+aurea&datasetKey=aacd816d-662c-49d2-ad1a-97e66e2a2908&limit=20; identificação nominal, não de árvore em campo."
"Cenostigma pluviosum var. peltophoroides","Flora e Funga do Brasil — lista oficial / JBRJ, distribuída no GBIF","https://www.gbif.org/species/157525913","Lista oficial / táxon individual","ACCEPTED: Cenostigma pluviosum var. peltophoroides (Benth.) Gagnon & G.P.Lewis","2026-09-27","Consulta reproduzível: https://api.gbif.org/v1/species/search?q=Cenostigma+pluviosum+var.+peltophoroides&datasetKey=aacd816d-662c-49d2-ad1a-97e66e2a2908&limit=10; identificação nominal, não de árvore em campo."
"Cassia ferruginea","Flora e Funga do Brasil — lista oficial / JBRJ, distribuída no GBIF","https://www.gbif.org/species/114720838","Lista oficial / táxon individual","ACCEPTED: Cassia ferruginea (Schrad.) Schrad. ex DC.","2026-09-27","Consulta reproduzível: https://api.gbif.org/v1/species/search?q=Cassia+ferruginea&datasetKey=aacd816d-662c-49d2-ad1a-97e66e2a2908&limit=20; identificação nominal, não de árvore em campo."
