"especie","tipo_imagem","autor","fonte","url_origem","licenca","url_licenca","status_uso","atribuicao","observacoes","data_verificacao"
"Handroanthus serratifolius","flor","Forest & Kim Starr","Wikimedia Commons","https://commons.wikimedia.org/wiki/File:Starr_080716-9311_Tabebuia_serratifolia.jpg","CC BY 3.0","https://creativecommons.org/licenses/by/3.0","REQUER_ATRIBUICAO","Foto: Forest & Kim Starr — CC BY 3.0","/guia/amarelo-flor.webp; Redimensionada e convertida para WebP; enquadramento de exibição pode variar. Identificação declarada pelo repositório, revisão botânica da foto pendente; não representa observação de Goiânia.","2026-09-27"
"Handroanthus serratifolius","folha","João Medeiros","Wikimedia Commons","https://commons.wikimedia.org/wiki/File:Handroanthus_serratifolius_leaves.jpg","CC BY 2.0","https://creativecommons.org/licenses/by/2.0","REQUER_ATRIBUICAO","Foto: João Medeiros — CC BY 2.0","/guia/amarelo-folha.webp; Redimensionada e convertida para WebP; enquadramento de exibição pode variar. Identificação declarada pelo repositório, revisão botânica da foto pendente; não representa observação de Goiânia.","2026-09-27"
"Handroanthus serratifolius","fruto","João Medeiros","Wikimedia Commons","https://commons.wikimedia.org/wiki/File:Handroanthus_serratifolius_fruits.jpg","CC BY 2.0","https://creativecommons.org/licenses/by/2.0","REQUER_ATRIBUICAO","Foto: João Medeiros — CC BY 2.0","/guia/amarelo-fruto.webp; Redimensionada e convertida para WebP; enquadramento de exibição pode variar. Identificação declarada pelo repositório, revisão botânica da foto pendente; não representa observação de Goiânia.","2026-09-27"
"Handroanthus impetiginosus","arvore","João Medeiros","Wikimedia Commons","https://commons.wikimedia.org/wiki/File:Tabebuia_impetiginosa.jpg","CC BY 2.0","https://creativecommons.org/licenses/by/2.0","REQUER_ATRIBUICAO","Foto: João Medeiros — CC BY 2.0","/guia/rosa-arvore.webp; Redimensionada e convertida para WebP; enquadramento de exibição pode variar. Identificação declarada pelo repositório, revisão botânica da foto pendente; não representa observação de Goiânia.","2026-09-27"
"Handroanthus impetiginosus","flor","Forest & Kim Starr","Wikimedia Commons","https://commons.wikimedia.org/wiki/File:Starr_070221-4697_Tabebuia_impetiginosa.jpg","CC BY 3.0","https://creativecommons.org/licenses/by/3.0","REQUER_ATRIBUICAO","Foto: Forest & Kim Starr — CC BY 3.0","/guia/rosa-flor.webp; Redimensionada e convertida para WebP; enquadramento de exibição pode variar. Identificação declarada pelo repositório, revisão botânica da foto pendente; não representa observação de Goiânia.","2026-09-27"
"Handroanthus heptaphyllus","flor","João Medeiros","Wikimedia Commons","https://commons.wikimedia.org/wiki/File:Handroanthus_heptaphyllus_flowers.jpg","CC BY 2.0","https://creativecommons.org/licenses/by/2.0","REQUER_ATRIBUICAO","Foto: João Medeiros — CC BY 2.0","/guia/roxo-flor.webp; Redimensionada e convertida para WebP; enquadramento de exibição pode variar. Identificação declarada pelo repositório, revisão botânica da foto pendente; não representa observação de Goiânia.","2026-09-27"
"Handroanthus heptaphyllus","arvore","João Medeiros","Wikimedia Commons","https://commons.wikimedia.org/wiki/File:Handroanthus_heptaphyllus.jpg","CC BY 2.0","https://creativecommons.org/licenses/by/2.0","REQUER_ATRIBUICAO","Foto: João Medeiros — CC BY 2.0","/guia/roxo-arvore.webp; Redimensionada e convertida para WebP; enquadramento de exibição pode variar. Identificação declarada pelo repositório, revisão botânica da foto pendente; não representa observação de Goiânia.","2026-09-27"
"Tabebuia roseoalba","arvore","João de Deus Medeiros","Wikimedia Commons","https://commons.wikimedia.org/wiki/File:Tabebuia_roseo-alba_1_Jo%C3%A3o_de_Deus_Medeiros.jpg","CC BY 2.0","https://creativecommons.org/licenses/by/2.0","REQUER_ATRIBUICAO","Foto: João de Deus Medeiros — CC BY 2.0","/guia/branco-arvore.webp; Redimensionada e convertida para WebP; enquadramento de exibição pode variar. Identificação declarada pelo repositório, revisão botânica da foto pendente; não representa observação de Goiânia.","2026-09-27"
"Tabebuia roseoalba","flor","H. Zell","Wikimedia Commons","https://commons.wikimedia.org/wiki/File:Tabebuia_roseo-alba_003.jpg","CC BY-SA 3.0","https://creativecommons.org/licenses/by-sa/3.0","REQUER_ATRIBUICAO","Foto: H. Zell — CC BY-SA 3.0","/guia/branco-flor.webp; Redimensionada e convertida para WebP; enquadramento de exibição pode variar. Identificação declarada pelo repositório, revisão botânica da foto pendente; não representa observação de Goiânia.","2026-09-27"
"Tabebuia roseoalba","fruto","H. Zell","Wikimedia Commons","https://commons.wikimedia.org/wiki/File:Tabebuia_roseo-alba_004.jpg","CC BY-SA 3.0","https://creativecommons.org/licenses/by-sa/3.0","REQUER_ATRIBUICAO","Foto: H. Zell — CC BY-SA 3.0","/guia/branco-fruto.webp; Redimensionada e convertida para WebP; enquadramento de exibição pode variar. Identificação declarada pelo repositório, revisão botânica da foto pendente; não representa observação de Goiânia.","2026-09-27"
"Cenostigma pluviosum var. peltophoroides","flor","mauroguanandi","Wikimedia Commons","https://commons.wikimedia.org/wiki/File:Caesalpinia_pluviosa_var._peltophoroides.jpg","CC BY 2.0","https://creativecommons.org/licenses/by/2.0","REQUER_ATRIBUICAO","Foto: mauroguanandi — CC BY 2.0","/guia/sibipiruna-flor.webp; Redimensionada e convertida para WebP; enquadramento de exibição pode variar. Identificação declarada pelo repositório, revisão botânica da foto pendente; não representa observação de Goiânia.","2026-09-27"
"Cenostigma pluviosum var. peltophoroides","arvore","mauroguanandi","Wikimedia Commons","https://commons.wikimedia.org/wiki/File:Sibipiruna_(Caesalpinia_peltophoroides)_Ceret_Sao_Paulo_Brazil.jpg","CC BY 2.0","https://creativecommons.org/licenses/by/2.0","REQUER_ATRIBUICAO","Foto: mauroguanandi — CC BY 2.0","/guia/sibipiruna-arvore.webp; Redimensionada e convertida para WebP; enquadramento de exibição pode variar. Identificação declarada pelo repositório, revisão botânica da foto pendente; não representa observação de Goiânia.","2026-09-27"
"Cassia fistula","flor","Lokeswaran Kaliyappan","Wikimedia Commons","https://commons.wikimedia.org/wiki/File:Cassia_fistula_flower_twig.jpg","CC0","https://creativecommons.org/publicdomain/zero/1.0/deed.en","APROVADA","Foto: Lokeswaran Kaliyappan — CC0","/guia/chuva-de-ouro-flor.webp; Redimensionada e convertida para WebP; enquadramento de exibição pode variar. Identificação declarada pelo repositório, revisão botânica da foto pendente; não representa observação de Goiânia.","2026-09-27"
"Cassia fistula","fruto","Forest & Kim Starr","Wikimedia Commons","https://commons.wikimedia.org/wiki/File:Starr_020630-0007_Cassia_fistula.jpg","CC BY 3.0","https://creativecommons.org/licenses/by/3.0","REQUER_ATRIBUICAO","Foto: Forest & Kim Starr — CC BY 3.0","/guia/chuva-de-ouro-fruto.webp; Redimensionada e convertida para WebP; enquadramento de exibição pode variar. Identificação declarada pelo repositório, revisão botânica da foto pendente; não representa observação de Goiânia.","2026-09-27"
"Tecoma stans","flor","David E Mead","Wikimedia Commons","https://commons.wikimedia.org/wiki/File:Yellow_trumpetbush_(Tecoma_stans)_Buton_Island_1.jpg","CC0","https://creativecommons.org/publicdomain/zero/1.0/deed.en","APROVADA","Foto: David E Mead — CC0","/guia/ipe-de-jardim-flor.webp; Redimensionada e convertida para WebP; enquadramento de exibição pode variar. Identificação declarada pelo repositório, revisão botânica da foto pendente; não representa observação de Goiânia.","2026-09-27"
"Tecoma stans","fruto","David E Mead","Wikimedia Commons","https://commons.wikimedia.org/wiki/File:Yellow_trumpetbush_(Tecoma_stans)_Buton_Island_3.jpg","CC0","https://creativecommons.org/publicdomain/zero/1.0/deed.en","APROVADA","Foto: David E Mead — CC0","/guia/ipe-de-jardim-fruto.webp; Redimensionada e convertida para WebP; enquadramento de exibição pode variar. Identificação declarada pelo repositório, revisão botânica da foto pendente; não representa observação de Goiânia.","2026-09-27"
"Cassia fistula","flor","Deborah Barroso","UENF","https://uenf.br/projetos/arvoresdauenf/especie-2/chuva-de-ouro/","Não verificada","","REQUER_AUTORIZACAO","","Fonte potencial; não publicada no app.","2026-09-27"
"Handroanthus impetiginosus","casca","Waldemar H. Zelazowski","Embrapa","https://www.alice.cnptia.embrapa.br/alice/bitstream/doc/1140085/1/Especies-Arboreas-Brasileiras-vol-1-Ipe-Rosa.pdf","Não verificada para a fotografia","","LICENCA_INDEFINIDA","","Foto da página 559; não publicada. Licença do documento não comprova direitos da foto.","2026-09-27"
